-- phpMyAdmin SQL Dump
-- version 4.0.4
-- http://www.phpmyadmin.net
--
-- Хост: localhost
-- Время создания: Мар 06 2015 г., 15:13
-- Версия сервера: 5.6.12-log
-- Версия PHP: 5.4.12

SET SQL_MODE = "NO_AUTO_VALUE_ON_ZERO";
SET time_zone = "+00:00";


/*!40101 SET @OLD_CHARACTER_SET_CLIENT=@@CHARACTER_SET_CLIENT */;
/*!40101 SET @OLD_CHARACTER_SET_RESULTS=@@CHARACTER_SET_RESULTS */;
/*!40101 SET @OLD_COLLATION_CONNECTION=@@COLLATION_CONNECTION */;
/*!40101 SET NAMES utf8 */;

--
-- База данных: `bayes`
--
CREATE DATABASE IF NOT EXISTS `bayes` DEFAULT CHARACTER SET utf8 COLLATE utf8_bin;
USE `bayes`;

-- --------------------------------------------------------

--
-- Структура таблицы `question`
--

CREATE TABLE IF NOT EXISTS `question` (
  `id` int(10) unsigned NOT NULL AUTO_INCREMENT,
  `text` varchar(255) COLLATE utf8_bin NOT NULL,
  `avgPYes` double unsigned NOT NULL DEFAULT '0.5',
  `avgPNo` double unsigned NOT NULL DEFAULT '0.5',
  PRIMARY KEY (`id`)
) ENGINE=InnoDB  DEFAULT CHARSET=utf8 COLLATE=utf8_bin AUTO_INCREMENT=35 ;

--
-- Дамп данных таблицы `question`
--

INSERT INTO `question` (`id`, `text`, `avgPYes`, `avgPNo`) VALUES
(21, 'играет на муз инструменте?', 0.42857142857142855, 0.5714285714285714),
(22, 'является ли официальным членом семьи, о кот. идет речь в фильме?', 0.4761904761904762, 0.5238095238095238),
(24, 'влюблен в кого-либо?', 0.5095238095238095, 0.4904761904761905),
(25, 'приехал переночевать?', 0.38095238095238093, 0.619047619047619),
(26, 'мужского пола?', 0.5952380952380952, 0.4047619047619047),
(28, 'честный, порядочный человек?', 0.5595238095238094, 0.4404761904761905),
(30, 'собирается замуж/жениться?', 0.4047619047619047, 0.5952380952380952),
(31, 'вызывает какие-либо неприятные эмоции, недоверие?', 0.4714285714285714, 0.5285714285714286),
(32, 'старше 40 лет', 0.35714285714285715, 0.6428571428571429),
(33, 'темные волосы?', 0.5952380952380952, 0.4047619047619047),
(34, 'живут в одном доме', 0.5595238095238095, 0.4404761904761905);

-- --------------------------------------------------------

--
-- Структура таблицы `q_s`
--

CREATE TABLE IF NOT EXISTS `q_s` (
  `id` int(10) unsigned NOT NULL AUTO_INCREMENT,
  `questionId` int(10) unsigned NOT NULL,
  `subjectId` int(10) unsigned NOT NULL DEFAULT '1',
  `yes` int(10) unsigned NOT NULL DEFAULT '1',
  `no` int(10) unsigned NOT NULL DEFAULT '1',
  `pYes` double unsigned NOT NULL DEFAULT '0.5',
  `pNo` double unsigned NOT NULL DEFAULT '0.5',
  PRIMARY KEY (`id`),
  KEY `questionId` (`questionId`),
  KEY `subjectId` (`subjectId`)
) ENGINE=InnoDB  DEFAULT CHARSET=utf8 COLLATE=utf8_bin AUTO_INCREMENT=114 ;

--
-- Дамп данных таблицы `q_s`
--

INSERT INTO `q_s` (`id`, `questionId`, `subjectId`, `yes`, `no`, `pYes`, `pNo`) VALUES
(37, 34, 1, 5, 1, 0.8333333333333334, 0.16666666666666666),
(38, 32, 1, 5, 1, 0.8333333333333334, 0.16666666666666666),
(39, 33, 1, 5, 1, 0.8333333333333334, 0.16666666666666666),
(40, 21, 1, 5, 1, 0.8333333333333334, 0.16666666666666666),
(41, 22, 1, 5, 1, 0.8333333333333334, 0.16666666666666666),
(42, 25, 1, 1, 5, 0.16666666666666666, 0.8333333333333334),
(43, 24, 1, 2, 3, 0.4, 0.6),
(44, 26, 1, 5, 1, 0.8333333333333334, 0.16666666666666666),
(45, 28, 1, 5, 1, 0.8333333333333334, 0.16666666666666666),
(46, 31, 1, 1, 5, 0.16666666666666666, 0.8333333333333334),
(47, 30, 1, 3, 3, 0.5, 0.5),
(48, 34, 2, 2, 1, 0.6666666666666666, 0.3333333333333333),
(49, 32, 2, 1, 2, 0.3333333333333333, 0.6666666666666666),
(50, 33, 2, 2, 1, 0.6666666666666666, 0.3333333333333333),
(51, 21, 2, 1, 2, 0.3333333333333333, 0.6666666666666666),
(52, 22, 2, 1, 2, 0.3333333333333333, 0.6666666666666666),
(53, 25, 2, 2, 1, 0.6666666666666666, 0.3333333333333333),
(54, 24, 2, 2, 1, 0.6666666666666666, 0.3333333333333333),
(55, 26, 2, 2, 1, 0.6666666666666666, 0.3333333333333333),
(56, 28, 2, 2, 1, 0.6666666666666666, 0.3333333333333333),
(57, 31, 2, 1, 2, 0.3333333333333333, 0.6666666666666666),
(58, 30, 2, 1, 2, 0.3333333333333333, 0.6666666666666666),
(59, 34, 3, 2, 2, 0.5, 0.5),
(60, 32, 3, 1, 3, 0.25, 0.75),
(61, 33, 3, 3, 1, 0.75, 0.25),
(62, 21, 3, 3, 1, 0.75, 0.25),
(63, 22, 3, 1, 3, 0.25, 0.75),
(64, 25, 3, 3, 1, 0.75, 0.25),
(65, 24, 3, 1, 3, 0.25, 0.75),
(66, 26, 3, 3, 1, 0.75, 0.25),
(67, 28, 3, 1, 3, 0.25, 0.75),
(68, 31, 3, 3, 1, 0.75, 0.25),
(69, 30, 3, 1, 3, 0.25, 0.75),
(70, 34, 4, 2, 1, 0.6666666666666666, 0.3333333333333333),
(71, 32, 4, 1, 2, 0.3333333333333333, 0.6666666666666666),
(72, 33, 4, 1, 2, 0.3333333333333333, 0.6666666666666666),
(73, 21, 4, 1, 2, 0.3333333333333333, 0.6666666666666666),
(74, 22, 4, 2, 1, 0.6666666666666666, 0.3333333333333333),
(75, 25, 4, 1, 2, 0.3333333333333333, 0.6666666666666666),
(76, 24, 4, 2, 1, 0.6666666666666666, 0.3333333333333333),
(77, 26, 4, 1, 2, 0.3333333333333333, 0.6666666666666666),
(78, 28, 4, 2, 1, 0.6666666666666666, 0.3333333333333333),
(79, 31, 4, 1, 2, 0.3333333333333333, 0.6666666666666666),
(80, 30, 4, 2, 1, 0.6666666666666666, 0.3333333333333333),
(81, 34, 5, 3, 1, 0.75, 0.25),
(82, 32, 5, 1, 3, 0.25, 0.75),
(83, 33, 5, 3, 1, 0.75, 0.25),
(84, 21, 5, 1, 3, 0.25, 0.75),
(85, 22, 5, 3, 1, 0.75, 0.25),
(86, 25, 5, 1, 3, 0.25, 0.75),
(87, 24, 5, 3, 1, 0.75, 0.25),
(88, 26, 5, 3, 1, 0.75, 0.25),
(89, 28, 5, 2, 1, 0.6666666666666666, 0.3333333333333333),
(90, 31, 5, 1, 3, 0.25, 0.75),
(91, 30, 5, 1, 3, 0.25, 0.75),
(92, 34, 6, 1, 2, 0.3333333333333333, 0.6666666666666666),
(93, 32, 6, 1, 2, 0.3333333333333333, 0.6666666666666666),
(94, 33, 6, 2, 1, 0.6666666666666666, 0.3333333333333333),
(95, 21, 6, 1, 2, 0.3333333333333333, 0.6666666666666666),
(96, 22, 6, 1, 2, 0.3333333333333333, 0.6666666666666666),
(97, 25, 6, 1, 2, 0.3333333333333333, 0.6666666666666666),
(98, 24, 6, 2, 1, 0.6666666666666666, 0.3333333333333333),
(99, 26, 6, 2, 1, 0.6666666666666666, 0.3333333333333333),
(100, 28, 6, 2, 1, 0.6666666666666666, 0.3333333333333333),
(101, 31, 6, 2, 1, 0.6666666666666666, 0.3333333333333333),
(102, 30, 6, 2, 1, 0.6666666666666666, 0.3333333333333333),
(103, 34, 7, 1, 5, 0.16666666666666666, 0.8333333333333334),
(104, 32, 7, 1, 5, 0.16666666666666666, 0.8333333333333334),
(105, 33, 7, 1, 5, 0.16666666666666666, 0.8333333333333334),
(106, 21, 7, 1, 5, 0.16666666666666666, 0.8333333333333334),
(107, 22, 7, 1, 5, 0.16666666666666666, 0.8333333333333334),
(108, 25, 7, 1, 5, 0.16666666666666666, 0.8333333333333334),
(109, 24, 7, 1, 5, 0.16666666666666666, 0.8333333333333334),
(110, 26, 7, 1, 5, 0.16666666666666666, 0.8333333333333334),
(111, 28, 7, 1, 5, 0.16666666666666666, 0.8333333333333334),
(112, 31, 7, 4, 1, 0.8, 0.2),
(113, 30, 7, 1, 5, 0.16666666666666666, 0.8333333333333334);

-- --------------------------------------------------------

--
-- Структура таблицы `subject`
--

CREATE TABLE IF NOT EXISTS `subject` (
  `id` int(10) unsigned NOT NULL AUTO_INCREMENT,
  `name` varchar(255) COLLATE utf8_bin NOT NULL,
  `times` int(10) unsigned NOT NULL DEFAULT '0',
  PRIMARY KEY (`id`)
) ENGINE=InnoDB  DEFAULT CHARSET=utf8 COLLATE=utf8_bin AUTO_INCREMENT=8 ;

--
-- Дамп данных таблицы `subject`
--

INSERT INTO `subject` (`id`, `name`, `times`) VALUES
(1, 'Отец', 4),
(2, 'Караченцев', 1),
(3, 'Боярский', 2),
(4, 'Дочь отца', 1),
(5, 'Младший сын', 2),
(6, 'Жених дочери', 1),
(7, 'Девушка', 4);

--
-- Ограничения внешнего ключа сохраненных таблиц
--

--
-- Ограничения внешнего ключа таблицы `q_s`
--
ALTER TABLE `q_s`
  ADD CONSTRAINT `q_s_ibfk_1` FOREIGN KEY (`questionId`) REFERENCES `question` (`id`),
  ADD CONSTRAINT `q_s_ibfk_2` FOREIGN KEY (`subjectId`) REFERENCES `subject` (`id`);

/*!40101 SET CHARACTER_SET_CLIENT=@OLD_CHARACTER_SET_CLIENT */;
/*!40101 SET CHARACTER_SET_RESULTS=@OLD_CHARACTER_SET_RESULTS */;
/*!40101 SET COLLATION_CONNECTION=@OLD_COLLATION_CONNECTION */;
